<?xml version='1.0' encoding='UTF-8'?>
<?artifactRepository version='1.1.0'?>
<repository name='file:/Users/estebanwasinger/Documents/workspace/mulesoft/testConnectors/cloudhub-connector/target/update-site/ - artifacts' type='org.eclipse.equinox.p2.artifact.repository.simpleRepository' version='1'>
  <properties size='2'>
    <property name='p2.timestamp' value='1448037463832'/>
    <property name='p2.compressed' value='false'/>
  </properties>
  <mappings size='3'>
    <rule filter='(&amp; (classifier=osgi.bundle))' output='${repoUrl}/plugins/${id}_${version}.jar'/>
    <rule filter='(&amp; (classifier=binary))' output='${repoUrl}/binary/${id}_${version}'/>
    <rule filter='(&amp; (classifier=org.eclipse.update.feature))' output='${repoUrl}/features/${id}_${version}.jar'/>
  </mappings>
  <artifacts size='2'>
    <artifact classifier='osgi.bundle' id='org.mule.tooling.ui.contribution.cloudhub.3.6.0' version='2.0.1.201511201337'>
      <properties size='3'>
        <property name='artifact.size' value='2768222'/>
        <property name='download.size' value='2768222'/>
        <property name='download.md5' value='3947ae755da75f038766b3f5ffe96e85'/>
      </properties>
    </artifact>
    <artifact classifier='org.eclipse.update.feature' id='org.mule.tooling.ui.extension.cloudhub.3.6.0' version='2.0.1.201511201337'>
      <properties size='4'>
        <property name='artifact.size' value='15750'/>
        <property name='download.size' value='15750'/>
        <property name='download.md5' value='5a3e4ee295aa438054dea0ba964b1058'/>
        <property name='download.contentType' value='application/zip'/>
      </properties>
    </artifact>
  </artifacts>
</repository>
